Finding,Observation,Interpretation,Possible Explanation,Recommended Action,Limitation
Highest enrollment department,English has the largest student count.,Management should verify staffing capacity.,Demand may reflect reputation and market fit.,Review section sizes and faculty allocation.,Synthetic dataset only.
Highest failure course,C018 has the highest failure rate.,Course may need academic support review.,"Content difficulty, prerequisites, or assessment design may contribute.",Add tutoring and review course design.,"Association only, not causation."
Attendance relationship,Lower attendance bands show lower average final marks.,Attendance is a practical early-warning signal.,Missed classes reduce exposure to learning activities.,Trigger advising below 75% attendance.,Cannot prove attendance causes marks.
Outstanding payments,"Outstanding balance totals 125,733,250.",Collections and student support need monitoring.,Partial and unpaid records concentrate financial risk.,Segment outreach by payment risk level.,Synthetic tuition assumptions.
Budget utilization,D007 has the highest utilization in 2023.,Budget pressure may affect delivery quality.,Lab/research/event needs can vary by department.,Review mid-year budget reallocations.,"Budget is generated, not actual finance data."
Scholarship distribution,32.0% of students receive a scholarship.,Scholarship policy can be analyzed against performance and retention.,Merit and need-based categories serve different goals.,Track outcomes by scholarship type.,No real socioeconomic data.
Faculty workload,Enrollment links faculty to taught courses for workload analysis.,High load can affect feedback and service quality.,Popular departments need balanced staffing.,Monitor distinct courses and enrollments per faculty.,Workload excludes non-teaching duties.
Graduation eligibility,Credit and GPA measures identify students approaching eligibility.,Advising can prioritize final-year students.,Missing credits or low GPA delay completion.,Add drill-through student review page.,Eligibility rule is simplified.
Payment status,"Paid, partial, and unpaid categories provide finance risk visibility.",Finance and advising teams can coordinate interventions.,Payment delays may align with income categories.,Use respectful outreach workflows.,Synthetic data includes fictional profiles.
Semester trend,Semester fields support enrollment and performance trend pages.,Trend changes help detect demand shifts.,Admissions cycles and course offerings influence patterns.,Monitor semester-over-semester growth.,Trend is generated from random distributions.
